{
  "dt": 0.004999999888241291,
  "duration_s": 3.0,
  "elapsed_wall_s": 37.62949778398615,
  "max_envs": 8,
  "num_scenarios": 23,
  "offset": 0,
  "run_dir": "docs/analysis/control_sims/ivbs_regression_subset_beihang_20260604",
  "sim": "beihang_paper",
  "snapshot_log": {
    "enabled": false,
    "every_n_ticks": 100,
    "path": null
  },
  "source": "scripts/generators/sim_instances/ivbs_regression_20260604/sobol_samples.csimin",
  "summary": {
    "catch_fraction": 0.34782608695652173,
    "control_effort_mean": 6.809768353264031,
    "errors": 0,
    "final_distance_p50_m": 4.047672748565674,
    "min_distance_p50_m": 0.7941539287567139,
    "min_distance_p90_m": 3.74413676261902,
    "n": 23,
    "valid": 23,
    "visible_fraction_mean": 0.0869423259040734
  },
  "workers": 1
}
